id;user_id;office_id;start_date;end_date
1;경북 Keyboard Optimize;copy Bedfordshire in;2022-06-08;2022-06-09
2;Cheese instruction;bluetooth;2022-06-08;2022-06-09
3;payment optimizing;THX Guinea-Bissau;2022-06-09;2022-06-08
4;National;면;2022-06-09;2022-06-08
5;National collaborati;Implementation Chips;2022-06-09;2022-06-08
6;maroon 동 Money;matrix;2022-06-09;2022-06-09
7;Garden bricks-and-cl;동;2022-06-09;2022-06-08
8;capacitor 1080p 읍;광주;2022-06-08;2022-06-08
9;Credit 면 Danish;deliver;2022-06-08;2022-06-08
10;읍 green;충북 Account;2022-06-08;2022-06-08
